{
  "imageFileURL": [
    [  0.070020,0.400684],
    [  0.134198,0.515837],
    [  0.393489,0.731809],
    [  0.281616,0.739490]

  ],
  "anuj": [
    [  1287.836667,-22.104523],
    [  -22.104523,308.689613],
    [  775.712801,-13.047385],
    [  -13.047385,200.067743]
  ]
}